Track ID,Track Name,Album Name,Artist Name(s),Release Date,Duration (ms),Popularity,Added By,Added At,Genres,Record Label,Danceability,Energy,Key,Loudness,Mode,Speechiness,Acousticness,Instrumentalness,Liveness,Valence,Tempo,Time Signature
0Z7nGFVCLfixWctgePsRk9,"TEXAS HOLD 'EM","TEXAS HOLD 'EM","Beyoncé",2024-02-11,233456,77,bxgtbmu29zea5sjxq5q9jfzq5,2024-03-09T15:09:45Z,"","Parkwood Entertainment/Columbia",0.727,0.711,2,-6.549,1,0.078,0.582,0,0.158,0.375,110.012,4
3RaCGXCiiMufRPoexXxGkV,"Slime You Out (feat. SZA)","Slime You Out","Drake,SZA",2023-09-15,310490,69,bxgtbmu29zea5sjxq5q9jfzq5,2024-03-09T15:09:45Z,"rap,hip-hop,r&b","OVO",0.483,0.408,5,-9.243,0,0.0502,0.508,0,0.259,0.105,88.88,3
5LBv48NNyHsknRYwFWC361,"yes, and? (with Mariah Carey) - Remix","yes, and?","Ariana Grande,Mariah Carey",2024-02-16,214994,49,bxgtbmu29zea5sjxq5q9jfzq5,2024-03-09T15:09:45Z,"pop","Republic Records",0.741,0.775,1,-5.389,1,0.049,0.108,0.0000014,0.117,0.78,118.994,4
2Sal9tJ4Be8hwZTONCXgsD,"Meant To","Meant To","Laura Alden",2024-05-10,221694,37,bxgtbmu29zea5sjxq5q9jfzq5,2024-05-11T07:59:53Z,"","Lucky Moon",0.662,0.402,0,-13.48,1,0.1,0.874,0.00000273,0.146,0.229,117.867,4
51ALuTeRrYmSQUGjXdJObC,"STRANGER","STRANGER","Rachelle Show",2024-04-12,180000,9,bxgtbmu29zea5sjxq5q9jfzq5,2024-04-20T21:15:23Z,"","Rachelle Show",0.613,0.663,9,-5.817,0,0.115,0.0658,0.00000389,0.271,0.389,87.74,4
2z63wddJsUqhvALN9KaCCN,"Ways to live forever","Ways to live forever","Mimi",2024-03-01,232816,22,bxgtbmu29zea5sjxq5q9jfzq5,2024-03-09T15:57:36Z,"","igroovemusic.com",0.518,0.1,0,-16.402,1,0.0542,0.928,0.00000243,0.114,0.179,141.496,3
3Rviv1akOeg6RhUNvy1RBR,"One Last Song","One Last Song","Laura Alden",2024-02-23,209000,38,bxgtbmu29zea5sjxq5q9jfzq5,2024-03-09T15:57:36Z,"","Lucky Moon",0.34,0.291,2,-13.435,1,0.0343,0.865,0.0000257,0.0854,0.481,90.103,4
5ifXunb0lVoMt6Pv4TQ7vo,"Where Shadows Hold Sway","Eternal Hope","William Hut",2024-02-09,159998,10,bxgtbmu29zea5sjxq5q9jfzq5,2024-03-09T15:09:45Z,"norweski pop","HQindie",0.558,0.613,9,-10.517,1,0.0247,0.329,0.00324,0.11,0.18,92.972,4
2RppsIHUjcA9uJ310XsmdT,"Set Me Free - 2022 Version","Set Me Free (2022 Version)","Gus & His Freaky Friends",2022-03-18,283500,17,bxgtbmu29zea5sjxq5q9jfzq5,2024-03-09T15:09:45Z,"","Bandrec",0.63,0.854,9,-5.201,0,0.0361,0.0938,0,0.138,0.683,118.023,4
5UsTdoIajSWSPfekDuFx9W,"She - 2022 Version","She (2022 Version)","HVA",2022-03-14,249500,16,bxgtbmu29zea5sjxq5q9jfzq5,2024-03-09T15:09:45Z,"","Bandrec",0.811,0.551,9,-10.502,0,0.0275,0.521,0.00381,0.113,0.626,110.034,4
3w0w2T288dec0mgeZZqoNN,"CARNIVAL","VULTURES 1","¥$,Kanye West,Ty Dolla $ign,Rich The Kid,Playboi Carti",2024-02-09,264324,22,bxgtbmu29zea5sjxq5q9jfzq5,2024-03-09T15:09:45Z,"rap,trap,rage rap","Ye",0.594,0.811,1,-5.746,1,0.159,0.189,0,0.339,0.311,148.144,4
1Rweq7vNjK4kZBbGrmxQsl,"bye","eternal sunshine","Ariana Grande",2024-03-08,164927,77,bxgtbmu29zea5sjxq5q9jfzq5,2024-03-09T15:09:45Z,"pop","Republic Records",0.606,0.645,2,-4.835,0,0.0333,0.204,0,0.14,0.453,110.016,4
57wp7VFnV8X0pSVnYArGeJ,"Whatever She Wants","Whatever She Wants","Bryson Tiller",2024-02-13,161342,79,bxgtbmu29zea5sjxq5q9jfzq5,2024-03-09T15:09:45Z,"r&b","TrapSoul/RCA Records",0.803,0.512,9,-6.871,0,0.066,0.128,0,0.0928,0.435,96.02,4
3qhlB30KknSejmIvZZLjOD,"End of Beginning","DECIDE","Djo",2022-09-16,159245,90,bxgtbmu29zea5sjxq5q9jfzq5,2024-03-09T15:09:45Z,"pop psychodeliczny","Djo",0.689,0.454,2,-7.643,1,0.0584,0.0351,0.00259,0.0707,0.912,159.982,4
1bjeWoagtHmUKputLVyDxQ,"Saturn","Saturn","SZA",2024-02-22,186191,82,bxgtbmu29zea5sjxq5q9jfzq5,2024-03-09T15:09:45Z,"r&b","Top Dawg Entertainment/RCA Records",0.411,0.619,1,-6.834,1,0.0368,0.62,0,0.11,0.337,177.937,4
3QS9ZCtoSCJhmaJ7QNXSAS,"act ii: date @ 8 (feat. Drake) - remix","act ii: date @ 8 (feat. Drake) [remix]","4batz,Drake",2024-03-08,231338,72,bxgtbmu29zea5sjxq5q9jfzq5,2024-03-09T15:09:45Z,"rap,hip-hop","4batz / OVO Sound",0.55,0.545,0,-9.304,1,0.163,0.318,0,0.0608,0.412,102.469,4
13jRSCLoWbCoU1XEdJRbgn,"Saturn Returns Interlude","eternal sunshine","Ariana Grande",2024-03-08,42166,67,bxgtbmu29zea5sjxq5q9jfzq5,2024-03-09T15:09:45Z,"pop","Republic Records",0.533,0.38,6,-13.588,0,0.107,0.902,0.000281,0.139,0.845,123.316,5
17phhZDn6oGtzMe56NuWvj,"Lose Control","I've Tried Everything But Therapy (Part 1)","Teddy Swims",2023-09-15,210688,91,bxgtbmu29zea5sjxq5q9jfzq5,2024-03-09T15:09:45Z,"","Warner Records",0.561,0.604,9,-4.409,1,0.0337,0.199,0.000019,0.104,0.242,159.92,3
5cQX9BexkPIEESTZijJhXg,"i wish i hated you","eternal sunshine","Ariana Grande",2024-03-08,153633,72,bxgtbmu29zea5sjxq5q9jfzq5,2024-03-09T15:09:45Z,"pop","Republic Records",0.561,0.244,7,-9.152,1,0.0328,0.837,0,0.111,0.278,65.418,4
6XXKB32Om6WuXg3uEWwTob,"imperfect for you","eternal sunshine","Ariana Grande",2024-03-08,182566,72,bxgtbmu29zea5sjxq5q9jfzq5,2024-03-09T15:09:45Z,"pop","Republic Records",0.624,0.38,4,-7.426,1,0.0301,0.496,0,0.437,0.251,150.14,3
7AYmToZ5y67fBjq4RLFbuq,"TEXAS HOLD 'EM","TEXAS HOLD 'EM","Beyoncé",2024-02-10,233456,63,bxgtbmu29zea5sjxq5q9jfzq5,2024-03-09T15:09:45Z,"","Parkwood Entertainment/Columbia",0.727,0.711,2,-6.549,1,0.078,0.582,0,0.158,0.375,110.012,4
0fCINfrtQdkFSj6enmeEDt,"ordinary things (feat. Nonna)","eternal sunshine","Ariana Grande,Nonna",2024-03-08,168500,50,bxgtbmu29zea5sjxq5q9jfzq5,2024-03-09T15:09:45Z,"pop","Republic Records",0.702,0.552,6,-8.261,1,0.0647,0.729,0,0.332,0.296,114.991,4
5NAOhPAZ57eFAXr3qatS6i,"Breathe","2093","Yeat",2024-02-16,170847,74,bxgtbmu29zea5sjxq5q9jfzq5,2024-03-09T15:09:45Z,"rage rap","Field Trip Recordings/Capitol Records",0.76,0.546,11,-13.092,1,0.0616,0.0284,0.924,0.103,0.113,118.051,4
0R6NfOiLzLj4O5VbYSJAjf,"La Diabla","La Diabla","Xavi",2023-11-30,172264,77,bxgtbmu29zea5sjxq5q9jfzq5,2024-03-09T15:09:45Z,"trap corrido,corrido,corridos bélicos,smutne sierreño,música mexicana,banda","Interscope Records",0.751,0.819,11,-4.372,0,0.0409,0.255,0,0.236,0.697,131.842,3
3h5TiWTqGxjSjFrbruPFH9,"Praise Jah In The Moonlight","Praise Jah In The Moonlight","YG Marley",2023-12-27,263040,77,bxgtbmu29zea5sjxq5q9jfzq5,2024-03-09T15:09:45Z,"","YG Marley Music",0.66,0.727,6,-4.028,0,0.0441,0.128,0.0000131,0.524,0.418,125.023,4
5PyDJG7SQRgWXefgexqIge,"Agora Hills","Scarlet","Doja Cat",2023-09-20,265360,76,bxgtbmu29zea5sjxq5q9jfzq5,2024-03-09T15:09:45Z,"","Kemosabe Records/RCA Records",0.755,0.687,8,-6.247,0,0.101,0.183,0.000177,0.125,0.381,123.01,4
1VNWdmXSbaNrnWod10WIL0,"One Of The Girls (with JENNIE, Lily Rose Depp)","The Highlights (Deluxe)","The Weeknd,JENNIE,Lily-Rose Depp",2024-02-09,244684,65,bxgtbmu29zea5sjxq5q9jfzq5,2024-03-09T15:09:45Z,"k-pop","Universal Republic Records",0.264,0.64,8,-6.221,1,0.0442,0.0393,0.00000231,0.151,0.19,84.828,4
04CyMEHliadfQWMUJb1w99,"BURN","VULTURES 1","¥$,Kanye West,Ty Dolla $ign",2024-02-09,111458,8,bxgtbmu29zea5sjxq5q9jfzq5,2024-03-09T15:09:45Z,"rap","Ye",0.6,0.885,11,-6.21,0,0.393,0.0157,0.00000602,0.856,0.736,105.003,4
4kfSXPK13aXkLzuz02hCSC,"greedy","THINK LATER","Tate McRae",2023-12-08,129686,66,bxgtbmu29zea5sjxq5q9jfzq5,2024-03-09T15:09:45Z,"","RCA Records Label",0.746,0.705,6,-3.558,0,0.0332,0.275,0,0.216,0.858,111.013,1
52eIcoLUM25zbQupAZYoFh,"redrum","american dream","21 Savage",2024-01-12,270697,84,bxgtbmu29zea5sjxq5q9jfzq5,2024-03-09T15:09:45Z,"","Slaughter Gang, LLC/Epic Records",0.625,0.733,2,-8.757,1,0.0488,0.00598,0.000983,0.375,0.244,172.09,4
0mflMxspEfB0VbI1kyLiAv,"Stick Season","Stick Season","Noah Kahan",2022-10-14,182346,87,bxgtbmu29zea5sjxq5q9jfzq5,2024-03-09T15:09:45Z,"","Mercury Records/Republic Records",0.664,0.5,9,-6.935,1,0.0651,0.799,0,0.0966,0.801,117.896,4
4UkUxO2WlKLc0Q1iEutGGh,"CONTIGO (with Tiësto)","CONTIGO (with Tiësto)","KAROL G,Tiësto",2024-02-15,192786,76,bxgtbmu29zea5sjxq5q9jfzq5,2024-03-09T15:09:45Z,"reggaeton,latynoskie rytmy,urbano latino,edm,trance,big room,house,dance","Bichota/Interscope Records",0.85,0.562,5,-7.863,1,0.0724,0.169,0.00000323,0.104,0.293,122.029,4
6tNQ70jh4OwmPGpYy6R2o9,"Beautiful Things","Beautiful Things","Benson Boone",2024-01-18,180304,88,bxgtbmu29zea5sjxq5q9jfzq5,2024-03-09T15:09:45Z,"","Night Street Records, Inc./Warner Records Inc.",0.472,0.471,10,-5.692,1,0.0603,0.151,0,0.14,0.219,105.029,3
4xhsWYTOGcal8zt0J161CU,"Lovin On Me","Lovin On Me","Jack Harlow",2023-11-10,138411,83,bxgtbmu29zea5sjxq5q9jfzq5,2024-03-09T15:09:45Z,"","Generation Now/Atlantic",0.943,0.558,2,-4.911,1,0.0568,0.0026,0.00000219,0.0937,0.606,104.983,4
6usohdchdzW9oML7VC4Uhk,"Lose Control","Lose Control","Teddy Swims",2023-06-23,210688,83,bxgtbmu29zea5sjxq5q9jfzq5,2024-03-09T15:09:45Z,"","Warner Records",0.561,0.604,9,-4.409,1,0.0337,0.199,0.000019,0.104,0.242,159.92,3
6rjuKpPydT2SxN15TZpV7r,"500lbs","TEC","Lil Tecca",2023-09-22,144390,81,bxgtbmu29zea5sjxq5q9jfzq5,2024-03-09T15:09:45Z,"melodyjny rap,rap","Galactic Records/Lil Tecca",0.724,0.779,7,-5.412,0,0.0807,0.098,0,0.127,0.53,123.013,4
5aIVCx5tnk0ntmdiinnYvw,"Water","Water","Tyla",2023-07-28,200255,86,bxgtbmu29zea5sjxq5q9jfzq5,2024-03-09T15:09:45Z,"afrobeats","FAX Records/Epic",0.673,0.722,3,-3.495,0,0.0755,0.0856,0,0.137,0.519,117.187,4
58pTPJPBjw1xL9OcLcQczU,"I Remember Everything (feat. Kacey Musgraves)","I Remember Everything (feat. Kacey Musgraves)","Zach Bryan,Kacey Musgraves",2023-08-24,227195,56,bxgtbmu29zea5sjxq5q9jfzq5,2024-03-09T15:09:45Z,"country,red dirt","Warner Records",0.429,0.453,0,-7.746,1,0.0459,0.554,0.000002,0.102,0.155,77.639,4
6Qb7YsAqH4wWFUMbGsCpap,"Training Season","Training Season","Dua Lipa",2024-02-15,209487,77,bxgtbmu29zea5sjxq5q9jfzq5,2024-03-09T15:09:45Z,"pop","Warner Records",0.812,0.587,5,-4.483,0,0.0477,0.0349,0.00000264,0.123,0.664,123.041,4
7CyPwkp0oE8Ro9Dd5CUDjW,"One Of The Girls (with JENNIE, Lily Rose Depp)","The Idol Episode 4 (Music from the HBO Original Series)","The Weeknd,JENNIE,Lily-Rose Depp",2023-06-23,244684,92,bxgtbmu29zea5sjxq5q9jfzq5,2024-03-09T15:09:45Z,"k-pop","XO / Republic Records",0.264,0.64,8,-6.221,1,0.0442,0.0393,0.00000231,0.151,0.19,84.828,4
0cVyQfDyRnMJ0V3rjjdlU3,"Lil Boo Thang","Lil Boo Thang","Paul Russell",2023-08-18,114233,79,bxgtbmu29zea5sjxq5q9jfzq5,2024-03-09T15:09:45Z,"","Arista Records",0.85,0.699,0,-3.292,1,0.0776,0.152,0,0.32,0.915,114.481,4
0WIv5qV41y6YjjB9V1biuC,"Made For Me","Made For Me","Muni Long",2023-09-15,188000,71,bxgtbmu29zea5sjxq5q9jfzq5,2024-03-09T15:09:45Z,"","Supergiant Records, LLC / Def Jam Recordings",0.796,0.468,7,-6.375,0,0.0324,0.122,0,0.118,0.0677,119.98,4
1yeB8MUNeLo9Ek1UEpsyz6,"Rich Baby Daddy (feat. Sexyy Red & SZA)","For All The Dogs","Drake,Sexyy Red,SZA",2023-10-06,319191,80,bxgtbmu29zea5sjxq5q9jfzq5,2024-03-09T15:09:45Z,"rap,hip-hop,r&b","OVO/Republic",0.636,0.729,2,-4.495,1,0.055,0.0458,0,0.384,0.141,146.009,4
2Zo1PcszsT9WQ0ANntJbID,"Feather","emails i can’t send fwd:","Sabrina Carpenter",2023-03-17,185552,86,bxgtbmu29zea5sjxq5q9jfzq5,2024-03-09T15:09:45Z,"","Island Records",0.791,0.694,6,-4.332,0,0.0335,0.0736,0.00000175,0.0958,0.826,123.508,4
0PAcdVzhPO4gq1Iym9ESnK,"Thinkin’ Bout Me","One Thing At A Time","Morgan Wallen",2023-03-03,177387,82,bxgtbmu29zea5sjxq5q9jfzq5,2024-03-09T15:09:45Z,"country","Big Loud Records / Mercury Records / Republic Records",0.659,0.789,3,-5.723,0,0.0293,0.487,0,0.115,0.468,139.982,4
0QosomGFiJYOxj2ViZfqng,"Selfish","Selfish","Justin Timberlake",2024-01-25,229331,67,bxgtbmu29zea5sjxq5q9jfzq5,2024-03-09T15:09:45Z,"","RCA Records Label",0.69,0.543,1,-6.752,1,0.0364,0.0723,0.0291,0.0873,0.376,88.004,4
3Pbp7cUCx4d3OAkZSCoNvn,"Scared To Start","Scared To Start","Michael Marcagi",2024-01-12,159636,83,bxgtbmu29zea5sjxq5q9jfzq5,2024-03-09T15:09:45Z,"","Warner Records",0.527,0.551,7,-11.258,1,0.0345,0.384,0.00000275,0.403,0.443,148.035,4
48vIfHaK7by6x0T6ucpODL,"Make You Mine","Make You Mine","Madison Beer",2024-02-09,221709,80,bxgtbmu29zea5sjxq5q9jfzq5,2024-03-09T15:09:45Z,"","Epic/Sing It Loud",0.533,0.642,6,-6.315,0,0.0403,0.221,0.00697,0.238,0.488,123.128,4
7dJYggqjKo71KI9sLzqCs8,"Agora Hills","Scarlet","Doja Cat",2023-09-22,265360,78,bxgtbmu29zea5sjxq5q9jfzq5,2024-03-09T15:09:45Z,"","Kemosabe Records/RCA Records",0.75,0.674,8,-6.128,0,0.097,0.228,0.0000891,0.122,0.392,123.026,4
1o8Z7GD1CeOaVBEyuzu4HO,"On My Mama","On My Mama","Victoria Monét",2023-06-16,186678,65,bxgtbmu29zea5sjxq5q9jfzq5,2024-03-09T15:09:45Z,"alternatywne r&b","Lovett Music/RCA Records",0.481,0.539,4,-7.865,0,0.108,0.551,0.00539,0.12,0.621,153.277,4
79AHPJd8upvNxyK2qQcY8J,"HISS","HISS","Megan Thee Stallion",2024-01-26,192818,65,bxgtbmu29zea5sjxq5q9jfzq5,2024-03-09T15:09:45Z,"","Hot Girl Productions",0.745,0.663,1,-5.056,1,0.423,0.078,0,0.213,0.686,167.137,4
6WzRpISELf3YglGAh7TXcG,"Popular (with Playboi Carti & Madonna) - From The Idol Vol. 1 (Music from the HBO Original Series)","Popular (Music from the HBO Original Series)","The Weeknd,Playboi Carti,Madonna",2023-06-02,215466,84,bxgtbmu29zea5sjxq5q9jfzq5,2024-03-09T15:09:45Z,"rage rap","XO / Republic Records",0.854,0.674,1,-6.23,1,0.184,0.0517,0.0000853,0.509,0.848,99.022,4
1udwFobQ1JoOdWPQrp2b6u,"Surround Sound (feat. 21 Savage & Baby Tate)","The Forever Story (Extended Version)","JID,21 Savage,Baby Tate",2022-10-31,229938,79,bxgtbmu29zea5sjxq5q9jfzq5,2024-03-09T15:09:45Z,"","Dreamville/Interscope",0.574,0.567,7,-7.126,0,0.465,0.164,0,0.258,0.526,75.965,4
7sTyAjxDXq9afwfSQy6D0s,"BANDIT","Bandit","Don Toliver",2024-02-01,147746,72,bxgtbmu29zea5sjxq5q9jfzq5,2024-03-09T15:09:45Z,"","Cactus Jack / Atlantic",0.686,0.733,2,-5.268,1,0.0576,0.00567,0,0.246,0.141,130.095,4
4qG7hWhljsqqENL5PaLA2z,"Let The Light In (feat. Father John Misty)","Did you know that there's a tunnel under Ocean Blvd","Lana Del Rey,Father John Misty",2023-03-24,278126,79,bxgtbmu29zea5sjxq5q9jfzq5,2024-03-09T15:09:45Z,"kameralny pop","Polydor Records",0.335,0.44,9,-9.748,1,0.0275,0.385,0.00251,0.115,0.198,132.449,4
6dpLxbF7lfCAnC9QRTjNLK,"Home","Home","Good Neighbours",2024-01-17,157485,12,bxgtbmu29zea5sjxq5q9jfzq5,2024-03-09T15:09:45Z,"","Some Action",0.583,0.676,6,-4.44,1,0.0298,0.0289,0.0634,0.121,0.134,77.002,4
3OHfY25tqY28d16oZczHc8,"Kill Bill","SOS","SZA",2022-12-09,153946,80,bxgtbmu29zea5sjxq5q9jfzq5,2024-03-09T15:09:45Z,"r&b","Top Dawg Entertainment/RCA Records",0.644,0.728,8,-5.75,1,0.0351,0.0543,0.169,0.161,0.43,88.993,4
2kE2HFBFkJ0VMw3igxYohz,"Wild Ones (feat. Jelly Roll)","Wild Ones (feat. Jelly Roll)","Jessie Murph,Jelly Roll",2023-10-06,141367,70,bxgtbmu29zea5sjxq5q9jfzq5,2024-03-09T15:09:45Z,"country rap,country","Columbia",0.662,0.55,0,-5.816,1,0.0366,0.00354,0.00000895,0.406,0.308,136.184,4
6XaJfhwof7qIgbbXO5tIQI,"Igual Que Un Ángel (with Peso Pluma)","ORQUÍDEAS","Kali Uchis,Peso Pluma",2024-01-12,260370,79,bxgtbmu29zea5sjxq5q9jfzq5,2024-03-09T15:09:45Z,"corrido,trap corrido,corridos bélicos,música mexicana,smutne sierreño,banda","Geffen Records",0.695,0.592,5,-5.34,0,0.032,0.00449,0.000663,0.185,0.482,108.001,4
4E63weMCaNZuGPEFMnuEi8,"exes","THINK LATER","Tate McRae",2023-12-08,159400,82,bxgtbmu29zea5sjxq5q9jfzq5,2024-03-09T15:09:45Z,"","RCA Records Label",0.821,0.575,5,-6.57,0,0.0589,0.173,0.000242,0.114,0.611,136.962,4
6uTPdRrEDeH8Fyg5L5qmeU,"Never Lose Me","Never Lose Me","Flo Milli",2023-11-30,125901,74,bxgtbmu29zea5sjxq5q9jfzq5,2024-03-09T15:09:45Z,"","'94 Sounds/RCA Records",0.781,0.567,1,-7.857,1,0.0969,0.0504,0,0.0981,0.0743,121.964,4
56y1jOTK0XSvJzVv9vHQBK,"Paint The Town Red","Scarlet","Doja Cat",2023-09-20,230480,77,bxgtbmu29zea5sjxq5q9jfzq5,2024-03-09T15:09:45Z,"","Kemosabe Records/RCA Records",0.864,0.556,2,-7.683,0,0.194,0.255,0.00000385,0.112,0.726,99.974,4
4w2Furap0ZzaiK4J14E9sR,"Think U The Shit (Fart)","Think U The Shit (Fart)","Ice Spice",2024-01-26,141639,62,bxgtbmu29zea5sjxq5q9jfzq5,2024-03-09T15:09:45Z,"","10K Projects/Capitol Records",0.966,0.549,9,-6.647,1,0.206,0.0385,0.000264,0.0806,0.316,122.105,4
5ZJGv7aGdIr9IGpxzSG18T,"Everybody (feat. Lil Uzi Vert)","Pink Friday 2","Nicki Minaj,Lil Uzi Vert",2023-12-08,180869,68,bxgtbmu29zea5sjxq5q9jfzq5,2024-03-09T15:09:45Z,"melodyjny rap","Republic Records",0.737,0.774,11,-5.525,0,0.257,0.0262,0,0.238,0.428,137.959,4
4HMop4Re0iucehmF7mgV27,"act ii: date @ 8","act ii: date @ 8","4batz",2023-12-15,113684,67,bxgtbmu29zea5sjxq5q9jfzq5,2024-03-09T15:09:45Z,"","4Batz",0.741,0.451,0,-13.117,1,0.101,0.51,0.0000201,0.403,0.558,136.48,4
42VsgItocQwOQC3XWZ8JNA,"FE!N (feat. Playboi Carti)","UTOPIA","Travis Scott,Playboi Carti",2023-07-28,191700,88,bxgtbmu29zea5sjxq5q9jfzq5,2024-03-09T15:09:45Z,"rap,rage rap","Cactus Jack/Epic",0.569,0.882,3,-2.777,0,0.06,0.0316,0,0.142,0.201,148.038,4
6IG3sQ8s9nfk6TUlVzRhbN,"Is It Over Now? (Taylor's Version) (From The Vault)","1989 (Taylor's Version) [Deluxe]","Taylor Swift",2023-10-27,229477,65,bxgtbmu29zea5sjxq5q9jfzq5,2024-03-09T15:09:45Z,"","Taylor Swift",0.599,0.651,0,-7.343,1,0.035,0.0486,0,0.126,0.153,100.001,4
69phA1R4gmQsBFRQ3INW8C,"ONE CALL","Ghetto Fabulous","Rich Amiri",2023-11-17,121399,76,bxgtbmu29zea5sjxq5q9jfzq5,2024-03-09T15:09:45Z,"rage rap","Internet Money Records / 10K Projects",0.65,0.539,1,-7.281,1,0.0561,0.00617,0.0000267,0.114,0.253,158.105,4
5mjYQaktjmjcMKcUIcqz4s,"Strangers","Strangers","Kenya Grace",2023-09-01,172964,78,bxgtbmu29zea5sjxq5q9jfzq5,2024-03-09T15:09:45Z,"","Warner Records/Major Recordings",0.628,0.523,11,-8.307,0,0.0946,0.701,0.00274,0.219,0.416,169.982,4
59uQI0PADDKeE6UZDTJEe8,"Last Night","3 Songs At A Time Sampler","Morgan Wallen",2023-01-31,163854,78,bxgtbmu29zea5sjxq5q9jfzq5,2024-03-09T15:09:45Z,"country","Big Loud Records / Mercury Records / Republic Records",0.492,0.673,6,-5.431,1,0.0347,0.413,0,0.137,0.488,203.812,4
3k79jB4aGmMDUQzEwa46Rz,"vampire","vampire","Olivia Rodrigo",2023-06-30,219724,10,bxgtbmu29zea5sjxq5q9jfzq5,2024-03-09T15:09:45Z,"","Olivia Rodrigo PS",0.484,0.53,5,-5.82,1,0.054,0.148,0,0.283,0.319,136.874,4
3vkCueOmm7xQDoJ17W1Pm3,"My Love Mine All Mine","The Land Is Inhospitable and So Are We","Mitski",2023-09-15,137773,88,bxgtbmu29zea5sjxq5q9jfzq5,2024-03-09T15:09:45Z,"","Dead Oceans",0.504,0.308,9,-14.958,1,0.0321,0.868,0.135,0.158,0.121,113.95,4
0yLdNVWF3Srea0uzk55zFn,"Flowers","Flowers","Miley Cyrus",2023-01-13,200454,21,bxgtbmu29zea5sjxq5q9jfzq5,2024-03-09T15:09:45Z,"","Columbia",0.707,0.681,0,-4.325,1,0.0668,0.0632,0.00000515,0.0322,0.646,117.999,4
7FbrGaHYVDmfr7KoLIZnQ7,"Cupid - Twin Ver.","The Beginning: Cupid","FIFTY FIFTY",2023-02-24,174253,18,bxgtbmu29zea5sjxq5q9jfzq5,2024-03-09T15:09:45Z,"k-pop","WM Korea",0.783,0.592,11,-8.332,0,0.0331,0.435,0.00000415,0.347,0.726,120.018,4
2dHHgzDwk4BJdRwy9uXhTO,"Creepin' (with The Weeknd & 21 Savage)","HEROES & VILLAINS","Metro Boomin,The Weeknd,21 Savage",2022-12-02,221520,83,bxgtbmu29zea5sjxq5q9jfzq5,2024-03-09T15:09:45Z,"","Republic Records",0.716,0.613,1,-6.018,0,0.0522,0.391,0,0.0813,0.157,97.914,4
0lGA92GVnSpb0ZMhVbQ4GT,"BTW","BTW","Max Wassen,Basstrick,ASHER YELO",2023-09-28,128067,30,bxgtbmu29zea5sjxq5q9jfzq5,2024-03-09T15:09:45Z,"bass house,g-house","Soave Records",0.723,0.812,0,-6.647,1,0.0489,0.0234,0,0.109,0.69,144.991,4
4Dvkj6JhhA12EX05fT7y2e,"As It Was","Harry's House","Harry Styles",2022-05-20,167303,89,bxgtbmu29zea5sjxq5q9jfzq5,2024-03-09T15:09:45Z,"","Columbia",0.52,0.731,6,-5.338,0,0.0557,0.342,0.00101,0.311,0.662,173.93,4
1odExI7RdWc4BT515LTAwj,"Daylight","Daylight","David Kushner",2023-04-14,212953,79,bxgtbmu29zea5sjxq5q9jfzq5,2024-03-09T15:09:45Z,"","Miserable Music Group, LLC",0.508,0.43,2,-9.475,0,0.0335,0.83,0.000441,0.093,0.324,130.09,4
01qFKNWq73UfEslI0GvumE,"3D (feat. Jack Harlow)","3D : The Remixes","Jung Kook,Jack Harlow",2023-10-02,201812,78,bxgtbmu29zea5sjxq5q9jfzq5,2024-03-09T15:09:45Z,"k-pop","BIGHIT MUSIC",0.853,0.824,1,-3.287,1,0.103,0.0322,0,0.0859,0.888,108.044,4
1K5rl4MaR15d0v0MZtRjgd,"151 RUM","151 RUM","Max Wassen,Plastic Toy",2023-11-02,177000,23,bxgtbmu29zea5sjxq5q9jfzq5,2024-03-09T15:09:45Z,"","Soave Records",0.645,0.891,8,-4.911,1,0.0458,0.0459,0,0.858,0.589,79.993,4
1s7oOCT8vauUh01PbJD6ps,"Calm Down (with Selena Gomez)","Rave & Roses Ultra","Rema,Selena Gomez",2023-04-27,239317,76,bxgtbmu29zea5sjxq5q9jfzq5,2024-03-09T15:09:45Z,"afrobeats,afrobeat,afro pop,pop","Mavin Records / Jonzing World",0.801,0.806,11,-5.206,1,0.0381,0.382,0.000669,0.114,0.802,106.999,4
3bY23N5NSjVYqIPJ2b0Qo6,"Can You Feel It","Can You Feel It","Matthew Schultz",2023-09-29,148000,0,bxgtbmu29zea5sjxq5q9jfzq5,2024-03-09T15:09:45Z,"","Matthew Schultz Music",0.718,0.476,8,-6.08,1,0.061,0.0311,0,0.0744,0.579,119.955,4
6AQbmUe0Qwf5PZnt4HmTXv,"Boy's a liar Pt. 2","Boy's a liar Pt. 2","PinkPantheress,Ice Spice",2023-02-03,131013,74,bxgtbmu29zea5sjxq5q9jfzq5,2024-03-09T15:09:45Z,"bedroom pop","Warner Records",0.696,0.809,5,-8.254,1,0.05,0.252,0.000128,0.248,0.857,132.962,4
4W4fNrZYkobj539TOWsLO2,"Die For You (with Ariana Grande) - Remix","Starboy (Deluxe)","The Weeknd,Ariana Grande",2023-03-14,232857,78,bxgtbmu29zea5sjxq5q9jfzq5,2024-03-09T15:09:45Z,"pop","XO / Republic Records",0.568,0.485,1,-7.635,0,0.0582,0.276,0,0.323,0.517,66.961,4
6K7zkRV0LNalktemZBgGOJ,"TF","DON'T GET SCARED","Rolling Stone P",2023-09-18,129205,5,bxgtbmu29zea5sjxq5q9jfzq5,2024-03-09T15:09:45Z,"","VBz",0.831,0.593,6,-8.945,0,0.204,0.291,0.732,0.393,0.409,150.031,4
1u8c2t2Cy7UBoG4ArRcF5g,"Blank Space","1989 (Deluxe)","Taylor Swift",2014-01-01,231826,82,bxgtbmu29zea5sjxq5q9jfzq5,2024-03-09T15:09:45Z,"","Big Machine Records, LLC",0.76,0.703,5,-5.412,1,0.054,0.103,0,0.0913,0.57,95.997,4
0JXXNGljqupsJaZsgSbMZV,"Sure Thing","All I Want Is You","Miguel",2010-11-26,195373,86,bxgtbmu29zea5sjxq5q9jfzq5,2024-03-09T15:09:45Z,"r&b","Jive",0.684,0.607,11,-8.127,0,0.1,0.0267,0.000307,0.191,0.498,81.001,4
4FyesJzVpA39hbYvcseO2d,"Just Wanna Rock","Just Wanna Rock","Lil Uzi Vert",2022-10-17,123890,73,bxgtbmu29zea5sjxq5q9jfzq5,2024-03-09T15:09:45Z,"melodyjny rap","Generation Now/Atlantic",0.486,0.545,11,-7.924,1,0.0336,0.0652,0.00474,0.0642,0.0385,150.187,4
1bDbXMyjaUIooNwFE9wn0N,"Rich Flex","Her Loss","Drake,21 Savage",2022-11-04,239359,77,bxgtbmu29zea5sjxq5q9jfzq5,2024-03-09T15:09:45Z,"rap,hip-hop","OVO / Republic Records",0.549,0.518,4,-9.39,0,0.257,0.0517,0.00000121,0.378,0.418,160.07,4
2FDTHlrBguDzQkp7PVj16Q,"Sprinter","Sprinter","Dave,Central Cee",2023-06-01,229133,82,bxgtbmu29zea5sjxq5q9jfzq5,2024-03-09T15:09:45Z,"grime,brytyjski drill,drill","Neighbourhood / Live Yours",0.918,0.681,1,-4.705,1,0.201,0.263,0,0.0615,0.706,139.057,4
5odlY52u43F5BjByhxg7wg,"golden hour","this is what ____ feels like (Vol. 1-4)","JVKE",2022-09-23,209259,78,bxgtbmu29zea5sjxq5q9jfzq5,2024-03-09T15:09:45Z,"","JVKE",0.515,0.593,4,-4.801,1,0.0322,0.653,0.162,0.25,0.153,94.467,3
6Q0Ri8aYyOjsSvqfwB1mS0,"Can't Stop","Can't Stop","Max Wassen,20syl",2023-07-27,157037,35,bxgtbmu29zea5sjxq5q9jfzq5,2024-03-09T15:09:45Z,"","Soave Records",0.553,0.741,6,-6.717,1,0.0516,0.000388,0,0.321,0.939,80.973,4
4uUG5RXrOk84mYEfFvj3cK,"I'm Good (Blue)","I'm Good (Blue)","David Guetta,Bebe Rexha",2022-08-26,175238,87,bxgtbmu29zea5sjxq5q9jfzq5,2024-03-09T15:09:45Z,"edm,dance","Parlophone UK",0.561,0.965,7,-3.673,0,0.0343,0.00383,0.00000707,0.371,0.304,128.04,4
5w40ZYhbBMAlHYNDaVJIUu,"Chemical","Chemical","Post Malone",2023-04-14,184013,77,bxgtbmu29zea5sjxq5q9jfzq5,2024-03-09T15:09:45Z,"","Mercury Records/Republic Records",0.49,0.88,2,-4.856,1,0.0435,0.00154,0,0.103,0.392,169.949,4
5XeFesFbtLpXzIVDNQP22n,"I Wanna Be Yours","AM","Arctic Monkeys",2013-09-09,183956,92,bxgtbmu29zea5sjxq5q9jfzq5,2024-03-09T15:09:45Z,"indie,garage rock,indie rock","Domino Recording Co",0.464,0.417,0,-9.345,0,0.0256,0.136,0.022,0.0974,0.479,67.528,4
1xK59OXxi2TAAAbmZK0kBL,"Romantic Homicide","Romantic Homicide","d4vd",2022-07-20,132630,86,bxgtbmu29zea5sjxq5q9jfzq5,2024-03-09T15:09:45Z,"","Darkroom/Interscope Records",0.571,0.544,6,-10.613,1,0.0299,0.453,0.00805,0.322,0.216,132.052,4
6xGruZOHLs39ZbVccQTuPZ,"Glimpse of Us","Glimpse of Us","Joji",2022-06-10,233456,38,bxgtbmu29zea5sjxq5q9jfzq5,2024-03-09T15:09:45Z,"","88rising Music/Warner Records",0.44,0.317,8,-9.258,1,0.0531,0.891,0.00000478,0.141,0.268,169.914,3
1rDQ4oMwGJI7B4tovsBOxc,"First Class","First Class","Jack Harlow",2022-04-08,173947,13,bxgtbmu29zea5sjxq5q9jfzq5,2024-03-09T15:09:45Z,"","Generation Now/Atlantic",0.905,0.563,8,-6.135,1,0.102,0.0254,0.00000971,0.113,0.324,106.998,4
08ultjBV79qGVM3psldUmD,"LoveLove.mp3","LoveLove.mp3","Max Wassen,Adam Trigger",2023-04-27,157627,18,bxgtbmu29zea5sjxq5q9jfzq5,2024-03-09T15:09:45Z,"","Soave Records",0.812,0.806,9,-9.059,0,0.0643,0.0511,0.000237,0.12,0.65,118.047,4
75FEaRjZTKLhTrFGsfMUXR,"Running Up That Hill (A Deal With God)","Hounds Of Love","Kate Bush",1985,298933,10,bxgtbmu29zea5sjxq5q9jfzq5,2024-03-09T15:09:45Z,"art pop,barokowy pop,art rock","Parlophone UK",0.629,0.547,10,-13.123,0,0.055,0.72,0.00314,0.0604,0.197,108.375,4
4h9wh7iOZ0GGn8QVp4RAOB,"I Ain't Worried","I Ain’t Worried (Music From The Motion Picture Top Gun: Maverick)","OneRepublic",2022-05-13,148485,83,bxgtbmu29zea5sjxq5q9jfzq5,2024-03-09T15:09:45Z,"soft pop","Interscope Records",0.704,0.797,0,-5.927,1,0.0475,0.0826,0.000745,0.0546,0.825,139.994,4
5uU1uuyaUIBOiiUSQG7Wl3,"You Proof","You Proof","Morgan Wallen",2022-05-13,157477,68,bxgtbmu29zea5sjxq5q9jfzq5,2024-03-09T15:09:45Z,"country","Big Loud / Mercury Records / Republic Records",0.731,0.85,9,-4.913,1,0.0336,0.252,0,0.605,0.644,119.706,4
02MWAaffLxlfxAUY7c5dvx,"Heat Waves","Dreamland (+ Bonus Levels)","Glass Animals",2020-08-06,238805,18,bxgtbmu29zea5sjxq5q9jfzq5,2024-03-09T15:09:45Z,"","Polydor Records",0.761,0.525,11,-6.9,1,0.0944,0.44,0.0000067,0.0921,0.531,80.87,4
6FWTD6vyz5zpdhTlZuobQ7,"Chemistry","Chemistry","Remy Cooper",2023-08-03,176143,8,bxgtbmu29zea5sjxq5q9jfzq5,2024-03-09T15:09:45Z,"","Soave Records",0.706,0.804,11,-6.088,1,0.0426,0.03,0,0.0713,0.724,121.008,4
0O6u0VJ46W86TxN9wgyqDj,"I Like You (A Happier Song) (with Doja Cat)","Twelve Carat Toothache","Post Malone,Doja Cat",2022-06-03,192840,77,bxgtbmu29zea5sjxq5q9jfzq5,2024-03-09T15:09:45Z,"","Mercury Records/Republic Records",0.733,0.67,5,-6.009,1,0.0751,0.121,0,0.121,0.472,100.964,4
5IgjP7X4th6nMNDh4akUHb,"Under The Influence","Indigo (Extended)","Chris Brown",2019-10-04,184613,85,bxgtbmu29zea5sjxq5q9jfzq5,2024-03-09T15:09:45Z,"r&b","Chris Brown Entertainment/RCA Records",0.755,0.562,9,-8.947,0,0.0355,0.0186,0.000231,0.18,0.368,116.931,4
5LrN7yUQAzvthd4QujgPFr,"Here With Me","Petals to Thorns","d4vd",2023-05-26,242484,86,bxgtbmu29zea5sjxq5q9jfzq5,2024-03-09T15:09:45Z,"","Darkroom/Interscope Records",0.575,0.45,4,-9.306,1,0.0259,0.531,0.0000659,0.124,0.263,132.039,4
0e8nrvls4Qqv5Rfa2UhqmO,"THATS WHAT I WANT","MONTERO","Lil Nas X",2021-09-17,143901,76,bxgtbmu29zea5sjxq5q9jfzq5,2024-03-09T15:09:45Z,"","Columbia",0.737,0.846,1,-4.51,0,0.22,0.00614,0,0.0486,0.546,87.981,4
4fouWK6XVHhzl78KzQ1UjL,"abcdefu","abcdefu","GAYLE",2021-08-13,168601,75,bxgtbmu29zea5sjxq5q9jfzq5,2024-03-09T15:09:45Z,"","Atlantic/Arthouse Records",0.695,0.54,4,-5.692,1,0.0493,0.299,0,0.367,0.415,121.932,4
4h4QlmocP3IuwYEj2j14p8,"Sunroof","Sunroof","Nicky Youre,hey daisy",2021-12-03,163025,13,bxgtbmu29zea5sjxq5q9jfzq5,2024-03-09T15:09:45Z,"","Columbia",0.768,0.714,10,-5.11,1,0.0401,0.352,0,0.15,0.842,131.443,4
5S6LrGpPB3uJDu15xLdnc5,"Under The Sun","The Gold EP","Max Wassen,Nelson Elle",2022-11-24,150600,19,bxgtbmu29zea5sjxq5q9jfzq5,2024-03-09T15:09:45Z,"","Soave Records",0.714,0.631,6,-7.745,1,0.145,0.184,0.0000112,0.103,0.756,100.159,4
1r9xUipOqoNwggBpENDsvJ,"Enemy (with JID) - from the series Arcane League of Legends","Enemy (with JID) [from the series Arcane League of Legends]","Imagine Dragons,JID,Arcane,League of Legends",2021-10-28,173381,77,bxgtbmu29zea5sjxq5q9jfzq5,2024-03-09T15:09:45Z,"","KIDinaKORNER/Interscope Records",0.728,0.783,11,-4.424,0,0.266,0.237,0,0.434,0.555,77.011,4
54ipXppHLA8U4yqpOFTUhr,"Bones","Mercury - Acts 1 & 2","Imagine Dragons",2022-07-01,165264,82,bxgtbmu29zea5sjxq5q9jfzq5,2024-03-09T15:09:45Z,"","Kid Ina Korner / Interscope",0.772,0.75,5,-3.67,0,0.0455,0.0201,0,0.074,0.587,114.061,4
5HCyWlXZPP0y6Gqq8TgA20,"STAY (with Justin Bieber)","STAY (with Justin Bieber)","The Kid LAROI,Justin Bieber",2021-07-09,141805,81,bxgtbmu29zea5sjxq5q9jfzq5,2024-03-09T15:09:45Z,"","Columbia",0.591,0.764,1,-5.484,1,0.0483,0.0383,0,0.103,0.478,169.928,4
63FAojGBzelKQtAGwPoDf4,"What U Want","What U Want","Mark Mendy,Jordan Rys,LEØN",2023-05-25,142608,54,bxgtbmu29zea5sjxq5q9jfzq5,2024-03-09T15:09:45Z,"slap house","Soave Records",0.615,0.655,11,-5.808,1,0.0476,0.0232,0,0.616,0.717,138.086,4
75MNhvTCCKsST3YqqUiU9r,"Shivers","Shivers","Ed Sheeran",2021-09-13,207853,8,bxgtbmu29zea5sjxq5q9jfzq5,2024-03-09T15:09:45Z,"soft pop","Atlantic Records UK",0.788,0.859,2,-2.724,1,0.0856,0.281,0,0.0424,0.822,141.02,4
1qEmFfgcLObUfQm0j1W2CK,"Late Night Talking","Harry's House","Harry Styles",2022-05-20,177954,79,bxgtbmu29zea5sjxq5q9jfzq5,2024-03-09T15:09:45Z,"","Columbia",0.714,0.728,10,-4.595,1,0.0468,0.298,0,0.106,0.901,114.996,4
27NovPIUIRrOZoCHxABJwK,"INDUSTRY BABY (feat. Jack Harlow)","INDUSTRY BABY (feat. Jack Harlow)","Lil Nas X,Jack Harlow",2021-07-23,212000,75,bxgtbmu29zea5sjxq5q9jfzq5,2024-03-09T15:09:45Z,"","Columbia",0.736,0.704,3,-7.409,0,0.0615,0.0203,0,0.0501,0.894,149.995,4
3nqQXoyQOWXiESFLlDF1hG,"Unholy (feat. Kim Petras)","Unholy (feat. Kim Petras)","Sam Smith,Kim Petras",2022-09-22,156943,78,bxgtbmu29zea5sjxq5q9jfzq5,2024-03-09T15:09:45Z,"soft pop","Capitol Records UK / EMI",0.719,0.454,2,-7.384,1,0.0707,0.0138,0.00000483,0.318,0.224,131.007,4
4k6Uh1HXdhtusDW5y8Gbvy,"Bad Habit","Gemini Rights","Steve Lacy",2022-07-15,232066,84,bxgtbmu29zea5sjxq5q9jfzq5,2024-03-09T15:09:45Z,"","L-M Records/RCA Records",0.686,0.494,1,-7.093,1,0.0355,0.613,0.000058,0.402,0.7,168.946,4
7rglLriMNBPAyuJOMGwi39,"Cold Heart - PNAU Remix","The Lockdown Sessions","Elton John,Dua Lipa,PNAU",2021-10-22,202735,70,bxgtbmu29zea5sjxq5q9jfzq5,2024-03-09T15:09:45Z,"pop","EMI",0.795,0.8,1,-6.32,1,0.0309,0.0354,0.0000725,0.0915,0.934,116.032,4
3h8zdE3jyg83xZ0RIimYZ0,"Higher","Higher","Remy Cooper",2023-07-13,187662,19,bxgtbmu29zea5sjxq5q9jfzq5,2024-03-09T15:09:45Z,"","Soave Records",0.69,0.757,9,-6.717,0,0.0971,0.0396,0,0.0963,0.764,110.024,4
6PQ88X9TkUIAUIZJHW2upE,"Bad Habits","Bad Habits","Ed Sheeran",2021-06-25,231041,10,bxgtbmu29zea5sjxq5q9jfzq5,2024-03-09T15:09:45Z,"soft pop","Atlantic Records UK",0.808,0.897,11,-3.712,0,0.0348,0.0469,0.0000314,0.364,0.591,126.026,4
0gplL1WMoJ6iYaPgMCL0gX,"Easy On Me","Easy On Me","Adele",2021-10-14,224694,80,bxgtbmu29zea5sjxq5q9jfzq5,2024-03-09T15:09:45Z,"soft pop","Columbia",0.604,0.366,5,-7.519,1,0.0282,0.578,0,0.133,0.13,141.981,4
0y60itmpH0aPKsFiGxmtnh,"Wait a Minute!","ARDIPITHECUS","WILLOW",2015-01-11,196520,79,bxgtbmu29zea5sjxq5q9jfzq5,2024-03-09T15:09:45Z,"","Roc Nation W Smith P&D",0.764,0.705,3,-5.279,0,0.0278,0.0371,0.0000194,0.0943,0.672,101.003,4
4SqWKzw0CbA05TGszDgMlc,"I Love You So","I Love You So","The Walters",2014-11-28,160239,88,bxgtbmu29zea5sjxq5q9jfzq5,2024-03-09T15:09:45Z,"","Warner Records",0.575,0.648,10,-4.891,1,0.0358,0.583,0,0.115,0.466,75.977,4
2Xr1dTzJee307rmrkt8c0g,"love nwantiti (ah ah ah)","CKay The First","CKay",2019-08-30,145800,77,bxgtbmu29zea5sjxq5q9jfzq5,2024-03-09T15:09:45Z,"afrobeats,afrobeat,afro pop","Chocolate City Music",0.727,0.739,8,-3.805,1,0.0411,0.365,0.00137,0.161,0.533,93.005,4
6FH9mGvNIbZaJ8FZfdgRpC,"Like Nobody's Home","Like Nobody's Home","Max Wassen,Victoria Voss",2022-06-09,193251,32,bxgtbmu29zea5sjxq5q9jfzq5,2024-03-09T15:09:45Z,"","Soave Records",0.761,0.784,0,-6.679,1,0.0494,0.109,0.0002,0.393,0.8,108.021,4
3BZEcbdtXQSo7OrvKRJ6mb,"MONTERO (Call Me By Your Name)","MONTERO (Call Me By Your Name)","Lil Nas X",2021-03-26,137875,3,bxgtbmu29zea5sjxq5q9jfzq5,2024-03-09T15:09:45Z,"","Columbia",0.61,0.508,8,-6.682,0,0.152,0.297,0,0.384,0.758,178.818,4
748mdHapucXQri7IAO8yFK,"Kiss Me More (feat. SZA)","Kiss Me More (feat. SZA)","Doja Cat,SZA",2021-04-09,208866,50,bxgtbmu29zea5sjxq5q9jfzq5,2024-03-09T15:09:45Z,"r&b","Kemosabe Records/RCA Records",0.762,0.701,8,-3.541,1,0.0286,0.235,0.000158,0.123,0.742,110.968,4
5fwSHlTEWpluwOM0Sxnh5k,"Pepas","Pepas","Farruko",2021-06-24,287120,79,bxgtbmu29zea5sjxq5q9jfzq5,2024-03-09T15:09:45Z,"reggaeton,trap latino,latynoskie rytmy","Sony Music Latin",0.762,0.766,7,-3.955,1,0.0343,0.00776,0.0000698,0.128,0.442,130.001,4
4ZtFanR9U6ndgddUvNcjcG,"good 4 u","SOUR","Olivia Rodrigo",2021-05-21,178146,84,bxgtbmu29zea5sjxq5q9jfzq5,2024-03-09T15:09:45Z,"","Olivia Rodrigo PS",0.563,0.664,9,-5.044,1,0.154,0.335,0,0.0849,0.688,166.928,4
6Uj1ctrBOjOas8xZXGqKk4,"Woman","Planet Her","Doja Cat",2021-06-25,172626,84,bxgtbmu29zea5sjxq5q9jfzq5,2024-03-09T15:09:45Z,"","Kemosabe Records/RCA Records",0.824,0.764,5,-4.175,0,0.0854,0.0888,0.00294,0.117,0.881,107.998,4
5nujrmhLynf4yMoMtj8AQF,"Levitating (feat. DaBaby)","Future Nostalgia","Dua Lipa,DaBaby",2020-03-27,203064,82,bxgtbmu29zea5sjxq5q9jfzq5,2024-03-09T15:09:45Z,"pop","Warner Records",0.702,0.825,6,-3.787,0,0.0601,0.00883,0,0.0674,0.915,102.977,4
6sPlolO2Kr74Jm5u8CZPk7,"Get Naked","Get Naked","Max Wassen",2022-07-07,137374,18,bxgtbmu29zea5sjxq5q9jfzq5,2024-03-09T15:09:45Z,"","Soave Records",0.852,0.781,1,-4.979,0,0.0664,0.00335,0,0.145,0.956,120.026,4
7EkWXAI1wn8Ii883ecd9xr,"Freaks","Freaks","Surf Curse",2021-05-15,147062,85,bxgtbmu29zea5sjxq5q9jfzq5,2024-03-09T15:09:45Z,"indie","Surf Curse",0.345,0.941,9,-9.918,1,0.0466,0.0000384,0.633,0.0511,0.407,179.626,4
37y7iDayfwm3WXn5BiAoRk,"Dark Red","Dark Red","Steve Lacy",2017-02-20,173104,7,bxgtbmu29zea5sjxq5q9jfzq5,2024-03-09T15:09:45Z,"","Three Quarter",0.603,0.783,6,-4.023,1,0.062,0.449,0.00000796,0.119,0.775,172.041,4
3tjFYV6RSFtuktYl3ZtYcq,"Mood (feat. iann dior)","Mood (feat. iann dior)","24kGoldn,iann dior",2020-07-24,140525,7,bxgtbmu29zea5sjxq5q9jfzq5,2024-03-09T15:09:45Z,"melodyjny rap","Records/Columbia",0.7,0.722,7,-3.558,0,0.0369,0.221,0,0.272,0.756,90.989,4
27OeeYzk6klgBh83TSvGMA,"WITHOUT YOU","F*CK LOVE (SAVAGE)","The Kid LAROI",2020-11-06,161384,5,bxgtbmu29zea5sjxq5q9jfzq5,2024-03-09T15:09:45Z,"","Columbia",0.662,0.413,0,-7.357,1,0.0299,0.213,0,0.134,0.467,93.005,4
3Wrjm47oTz2sjIgck11l5e,"Beggin'","Chosen","Måneskin",2017-12-08,211560,84,bxgtbmu29zea5sjxq5q9jfzq5,2024-03-09T15:09:45Z,"","RCA Records Label",0.714,0.8,11,-4.808,0,0.0504,0.127,0,0.359,0.589,134.002,4
2QjOHCTQ1Jl3zawyYOpxh6,"Sweater Weather","I Love You.","The Neighbourhood",2013-04-22,240400,91,bxgtbmu29zea5sjxq5q9jfzq5,2024-03-09T15:09:45Z,"","Columbia",0.612,0.807,10,-2.81,1,0.0336,0.0495,0.0177,0.101,0.398,124.053,4
7lPN2DXiMsVn7XUKtOW1CS,"drivers license","drivers license","Olivia Rodrigo",2021-01-08,242013,23,bxgtbmu29zea5sjxq5q9jfzq5,2024-03-09T15:09:45Z,"","Olivia Rodrigo PS",0.585,0.436,10,-8.761,1,0.0601,0.721,0.0000131,0.105,0.132,143.874,4
5QO79kh1waicV47BqGRL3g,"Save Your Tears","After Hours","The Weeknd",2020-03-20,215626,86,bxgtbmu29zea5sjxq5q9jfzq5,2024-03-09T15:09:45Z,"","Republic Records",0.679,0.825,0,-5.487,1,0.0309,0.0212,0.0000121,0.543,0.644,118.049,4
45bE4HXI0AwGZXfZtMp8JR,"you broke me first","you broke me first","Tate McRae",2020-04-17,169265,10,bxgtbmu29zea5sjxq5q9jfzq5,2024-03-09T15:09:45Z,"","RCA Records Label",0.667,0.373,4,-9.389,1,0.05,0.785,0,0.0906,0.0823,124.148,4
0sf12qNH5qcw8qpgymFOqD,"Blinding Lights","Blinding Lights","The Weeknd",2019-11-29,201573,23,bxgtbmu29zea5sjxq5q9jfzq5,2024-03-09T15:09:45Z,"","Republic Records",0.512,0.796,1,-4.075,1,0.0645,0.00147,0.000209,0.0938,0.344,171.014,4
4xqrdfXkTW4T0RauPLv3WA,"Heather","Kid Krow","Conan Gray",2020-03-20,198040,86,bxgtbmu29zea5sjxq5q9jfzq5,2024-03-09T15:09:45Z,"","Republic Records",0.357,0.425,5,-7.301,1,0.0333,0.584,0,0.322,0.27,102.078,3
6WrI0LAC5M1Rw2MnX2ZvEg,"Don't Start Now","Don't Start Now","Dua Lipa",2019-10-31,183290,74,bxgtbmu29zea5sjxq5q9jfzq5,2024-03-09T15:09:45Z,"pop","Warner Records",0.794,0.793,11,-4.521,0,0.0842,0.0125,0,0.0952,0.677,123.941,4
4VginDwYTP2eaHJzO0QMjG,"Circles","Circles","Post Malone",2019-08-30,214906,3,bxgtbmu29zea5sjxq5q9jfzq5,2024-03-09T15:09:45Z,"","Republic Records",0.704,0.758,0,-3.537,1,0.0402,0.233,0.00144,0.0924,0.534,120.003,4
0RiRZpuVRbi7oqRdSMwhQY,"Sunflower - Spider-Man: Into the Spider-Verse","Hollywood's Bleeding","Post Malone,Swae Lee",2019-09-06,157560,82,bxgtbmu29zea5sjxq5q9jfzq5,2024-03-09T15:09:45Z,"","Republic Records",0.755,0.522,2,-4.368,1,0.0575,0.533,0,0.0685,0.925,89.96,4
285pBltuF7vW8TeWk8hdRR,"Lucid Dreams","Goodbye & Good Riddance","Juice WRLD",2018-12-10,239835,86,bxgtbmu29zea5sjxq5q9jfzq5,2024-03-09T15:09:45Z,"melodyjny rap,emo rap","Juice WRLD Mixtape / ISR P&D",0.511,0.566,6,-7.23,0,0.2,0.349,0,0.34,0.218,83.903,4
1rgnBhdG2JDFTbYkYRZAku,"Dance Monkey","Dance Monkey","Tones And I",2019-05-10,209754,61,bxgtbmu29zea5sjxq5q9jfzq5,2024-03-09T15:09:45Z,"","Sony Music Entertainment",0.826,0.593,6,-6.401,0,0.0976,0.688,0.000161,0.17,0.541,98.083,4
6I3mqTwhRpn34SLVafSH7G,"Ghost","Justice","Justin Bieber",2021-03-19,153190,84,bxgtbmu29zea5sjxq5q9jfzq5,2024-03-09T15:09:45Z,"","RBMG/Def Jam",0.601,0.741,2,-5.569,1,0.0478,0.185,0.0000291,0.415,0.441,153.96,4
2IGMVunIBsBLtEQyoI1Mu7,"Paint The Town Red","Paint The Town Red","Doja Cat",2023-08-04,231750,80,bxgtbmu29zea5sjxq5q9jfzq5,2024-03-09T15:09:45Z,"","Kemosabe Records/RCA Records",0.868,0.538,5,-8.603,1,0.174,0.269,0.00000334,0.0901,0.732,99.968,4
4KULAymBBJcPRpk1yO4dOG,"I Remember Everything (feat. Kacey Musgraves)","Zach Bryan","Zach Bryan,Kacey Musgraves",2023-08-25,227195,87,bxgtbmu29zea5sjxq5q9jfzq5,2024-03-09T15:09:45Z,"country,red dirt","Warner Records",0.429,0.453,0,-7.746,1,0.0459,0.554,0.000002,0.102,0.155,77.639,4
3IX0yuEVvDbnqUwMBB3ouC,"bad idea right?","GUTS","Olivia Rodrigo",2023-09-08,184783,80,bxgtbmu29zea5sjxq5q9jfzq5,2024-03-09T15:09:45Z,"","Olivia Rodrigo PS",0.631,0.881,9,-3.545,1,0.0995,0.00177,0.0000045,0.0639,0.808,129.981,4
1kuGVB7EU95pJObxwvfwKS,"vampire","GUTS","Olivia Rodrigo",2023-09-08,219724,86,bxgtbmu29zea5sjxq5q9jfzq5,2024-03-09T15:09:45Z,"","Olivia Rodrigo PS",0.484,0.53,5,-5.821,1,0.0538,0.154,0,0.263,0.323,136.848,4
4rXLjWdF2ZZpXCVTfWcshS,"fukumean","a Gift & a Curse","Gunna",2023-06-16,125040,82,bxgtbmu29zea5sjxq5q9jfzq5,2024-03-09T15:09:45Z,"melodyjny rap","300 Entertainment",0.847,0.622,1,-6.747,0,0.0903,0.119,0,0.285,0.22,130.001,4
2gyxAWHebV7xPYVxqoi86f,"get him back!","GUTS","Olivia Rodrigo",2023-09-08,211141,78,bxgtbmu29zea5sjxq5q9jfzq5,2024-03-09T15:09:45Z,"","Olivia Rodrigo PS",0.553,0.847,5,-5.736,1,0.187,0.0143,0,0.561,0.733,162.024,4
1BxfuPKGuaTgP7aM0Bbdwr,"Cruel Summer","Lover","Taylor Swift",2019-08-23,178426,89,bxgtbmu29zea5sjxq5q9jfzq5,2024-03-09T15:09:45Z,"","Taylor Swift",0.552,0.702,9,-5.707,1,0.157,0.117,0.0000206,0.105,0.564,169.994,4
7K3BhSpAxZBznislvUMVtn,"Last Night","One Thing At A Time","Morgan Wallen",2023-03-03,163854,81,bxgtbmu29zea5sjxq5q9jfzq5,2024-03-09T15:09:45Z,"country","Big Loud Records / Mercury Records / Republic Records",0.492,0.673,6,-5.431,1,0.0347,0.413,0,0.137,0.488,203.812,4
34sOdxWu9FljH84UXdRwu1,"all-american bitch","GUTS","Olivia Rodrigo",2023-09-08,165833,76,bxgtbmu29zea5sjxq5q9jfzq5,2024-03-09T15:09:45Z,"","Olivia Rodrigo PS",0.421,0.695,6,-4.346,1,0.0428,0.218,0.00000297,0.155,0.45,156.344,4
7mXuWTczZNxG5EDcjFEuJR,"LADY GAGA","GÉNESIS","Peso Pluma,Gabito Ballesteros,Junior H",2023-06-29,212878,80,bxgtbmu29zea5sjxq5q9jfzq5,2024-03-09T15:09:45Z,"corrido,trap corrido,corridos bélicos,música mexicana,smutne sierreño,banda,sierreño","Double P Records",0.646,0.736,5,-7.118,0,0.0449,0.216,0,0.415,0.873,140.098,3
6wsqVwoiVH2kde4k4KKAFU,"I KNOW ?","UTOPIA","Travis Scott",2023-07-28,211582,82,bxgtbmu29zea5sjxq5q9jfzq5,2024-03-09T15:09:45Z,"rap","Cactus Jack/Epic",0.927,0.619,5,-4.441,0,0.0539,0.0186,0,0.104,0.817,117.995,4
3Nl5OkkmS5DaBZvuYofpAt,"the grudge","GUTS","Olivia Rodrigo",2023-09-08,189386,77,bxgtbmu29zea5sjxq5q9jfzq5,2024-03-09T15:09:45Z,"","Olivia Rodrigo PS",0.511,0.313,10,-9.32,1,0.0846,0.905,0,0.0832,0.331,126.962,4
3WMj8moIAXJhHsyLaqIIHI,"Something in the Orange","Something in the Orange","Zach Bryan",2022-04-22,228013,85,bxgtbmu29zea5sjxq5q9jfzq5,2024-03-09T15:09:45Z,"country,red dirt","Warner Records",0.369,0.192,4,-12.151,0,0.04,0.555,0.00000835,0.0954,0.148,175.212,3
3rUGC1vUpkDG9CZFHMur1t,"greedy","greedy","Tate McRae",2023-09-15,131872,89,bxgtbmu29zea5sjxq5q9jfzq5,2024-03-09T15:09:45Z,"","RCA Records Label",0.749,0.729,6,-3.19,0,0.0321,0.261,0,0.113,0.816,111.004,1
78Du4CMFgnhdlG33gblkiP,"Rich Men North of Richmond","Rich Men North of Richmond","Oliver Anthony Music",2023-08-11,187244,75,bxgtbmu29zea5sjxq5q9jfzq5,2024-03-09T15:09:45Z,"country","Oliver Anthony Music/ radiowv",0.678,0.264,10,-12.384,1,0.0622,0.753,0,0.302,0.528,121.722,4
5RqSsdzTNPX1uzkmlHCFvK,"QLONA","MAÑANA SERÁ BONITO (BICHOTA SEASON)","KAROL G,Peso Pluma",2023-08-10,172797,82,bxgtbmu29zea5sjxq5q9jfzq5,2024-03-09T15:09:45Z,"reggaeton,latynoskie rytmy,urbano latino,corrido,trap corrido,corridos bélicos,música mexicana,smutne sierreño,banda","Bichota/Interscope Records",0.841,0.738,7,-7.455,0,0.307,0.52,0,0.0892,0.484,169.918,4
4pCbJC43j3gSqG6Fen6upD,"Hey Driver (feat. The War and Treaty)","Zach Bryan","Zach Bryan,The War And Treaty",2023-08-25,227466,76,bxgtbmu29zea5sjxq5q9jfzq5,2024-03-09T15:09:45Z,"country,red dirt","Warner Records",0.583,0.351,0,-5.836,1,0.0306,0.494,0,0.368,0.462,79.014,4
4iZ4pt7kvcaH6Yo8UoZ4s2,"Snooze","SOS","SZA",2022-12-09,201800,89,bxgtbmu29zea5sjxq5q9jfzq5,2024-03-09T15:09:45Z,"r&b","Top Dawg Entertainment/RCA Records",0.559,0.551,5,-7.231,1,0.132,0.141,0,0.11,0.392,143.008,4
3qQbCzHBycnDpGskqOWY0E,"Ella Baila Sola","DESVELADO","Eslabon Armado,Peso Pluma",2023-04-28,165671,73,bxgtbmu29zea5sjxq5q9jfzq5,2024-03-09T15:09:45Z,"trap corrido,smutne sierreño,corrido,sierreño,música mexicana,corridos bélicos,banda","DEL Records",0.668,0.758,5,-5.176,0,0.0332,0.483,0.0000189,0.0837,0.834,147.989,3
1Lo0QY9cvc8sUB2vnIOxDT,"Fast Car","Gettin' Old","Luke Combs",2023-03-24,265493,84,bxgtbmu29zea5sjxq5q9jfzq5,2024-03-09T15:09:45Z,"country","River House Artists/Columbia Nashville",0.712,0.603,8,-5.52,1,0.0262,0.186,0,0.115,0.67,97.994,4
5CscrLqFBgPfZR8fGtikov,"making the bed","GUTS","Olivia Rodrigo",2023-09-08,198866,75,bxgtbmu29zea5sjxq5q9jfzq5,2024-03-09T15:09:45Z,"","Olivia Rodrigo PS",0.55,0.409,7,-7.718,1,0.0316,0.386,0,0.122,0.252,133.099,4
741UUVE2kuITl0c6zuqqbO,"Barbie World (with Aqua) [From Barbie The Album]","Barbie World (with Aqua) [From Barbie The Album]","Nicki Minaj,Ice Spice,Aqua",2023-06-23,109750,72,bxgtbmu29zea5sjxq5q9jfzq5,2024-03-09T15:09:45Z,"europop,eurodance","Atlantic Records",0.77,0.58,0,-8.393,1,0.247,0.519,0.000127,0.233,0.753,144.072,4
1vYXt7VSjH9JIM5oRRo7vA,"Dance The Night - From Barbie The Album","Dance The Night (From Barbie The Album)","Dua Lipa",2023-05-25,176579,84,bxgtbmu29zea5sjxq5q9jfzq5,2024-03-09T15:09:45Z,"pop","Atlantic Records",0.671,0.845,11,-4.93,0,0.048,0.0207,0,0.329,0.775,110.056,4
6QT6j7rKt7Vk3IuV2AUO9W,"lacy","GUTS","Olivia Rodrigo",2023-09-08,177212,80,bxgtbmu29zea5sjxq5q9jfzq5,2024-03-09T15:09:45Z,"","Olivia Rodrigo PS",0.395,0.367,3,-7.653,1,0.0324,0.815,0,0.11,0.426,77.968,4
5sp71CUt0jXRNqHblPGp7b,"ballad of a homeschooled girl","GUTS","Olivia Rodrigo",2023-09-08,203369,72,bxgtbmu29zea5sjxq5q9jfzq5,2024-03-09T15:09:45Z,"","Olivia Rodrigo PS",0.351,0.884,1,-3.452,1,0.074,0.0623,0,0.335,0.408,120.166,4
1Qrg8KqiBpW07V7PNxwwwL,"Kill Bill","SOS","SZA",2022-12-08,153946,87,bxgtbmu29zea5sjxq5q9jfzq5,2024-03-09T15:09:45Z,"r&b","Top Dawg Entertainment/RCA Records",0.644,0.735,8,-5.747,1,0.0391,0.0521,0.144,0.161,0.418,88.98,4
26QLJMK8G0M06sk7h7Fkse,"love is embarrassing","GUTS","Olivia Rodrigo",2023-09-08,154516,76,bxgtbmu29zea5sjxq5q9jfzq5,2024-03-09T15:09:45Z,"","Olivia Rodrigo PS",0.517,0.821,9,-3.504,1,0.105,0.00341,0,0.148,0.617,160.052,4
53dtP2iUMvaF28JZcHnFuU,"logical","GUTS","Olivia Rodrigo",2023-09-08,231907,73,bxgtbmu29zea5sjxq5q9jfzq5,2024-03-09T15:09:45Z,"","Olivia Rodrigo PS",0.48,0.24,7,-8.146,1,0.0323,0.844,0,0.099,0.152,80.686,4
7x9aauaA9cu6tyfpHnqDLo,"Seven (feat. Latto)","Seven (feat. Latto)","Jung Kook,Latto",2023-07-14,184400,79,bxgtbmu29zea5sjxq5q9jfzq5,2024-03-09T15:09:45Z,"k-pop","BIGHIT MUSIC",0.788,0.841,11,-3.955,1,0.0432,0.301,0,0.0772,0.904,124.986,4
6wf7Yu7cxBSPrRlWeSeK0Q,"What Was I Made For? [From The Motion Picture Barbie]","What Was I Made For? [From The Motion Picture Barbie]","Billie Eilish",2023-07-13,222369,87,bxgtbmu29zea5sjxq5q9jfzq5,2024-03-09T15:09:45Z,"","Darkroom/Interscope Records",0.391,0.084,0,-17.843,1,0.0317,0.953,0,0.0983,0.111,79.449,4
7KA4W4McWYRpgf0fWsJZWB,"See You Again (feat. Kali Uchis)","Flower Boy","Tyler, The Creator,Kali Uchis",2017-07-21,180386,92,bxgtbmu29zea5sjxq5q9jfzq5,2024-03-09T15:09:45Z,"","Columbia",0.558,0.559,6,-9.222,1,0.0959,0.371,0.00000749,0.109,0.62,78.558,4
